id,name,title,organisation
1,John Smith,Senior Pastor,First Baptist Church
2,Sarah Johnson,Worship Leader,First Baptist Church
3,Dr. Michael Chen,Guest Speaker,City College
4,Emma Williams,Youth Director,First Baptist Church
5,Rev. David Brown,Associate Pastor,First Baptist Church
6,Lisa Anderson,Children's Ministry,First Baptist Church
7,Thomas Wilson,Deacon,First Baptist Church
8,Grace Martinez,Choir Director,First Baptist Church
9,Robert Taylor,Elder,First Baptist Church
10,Hannah Davis,Announcements,First Baptist Church
